{
  "Add car - GET-1" : {
    "transaction" : "Add car - GET-1",
    "sampleCount" : 20,
    "errorCount" : 0,
    "errorPct" : 0.0,
    "meanResTime" : 70.25,
    "medianResTime" : 56.0,
    "minResTime" : 51.0,
    "maxResTime" : 176.0,
    "pct1ResTime" : 135.3000000000001,
    "pct2ResTime" : 174.2,
    "pct3ResTime" : 176.0,
    "throughput" : 0.1918152435574055,
    "receivedKBytesPerSec" : 0.09497102390977011,
    "sentKBytesPerSec" : 0.02865989478933891
  },
  "Sign in - POST" : {
    "transaction" : "Sign in - POST",
    "sampleCount" : 25,
    "errorCount" : 0,
    "errorPct" : 0.0,
    "meanResTime" : 755.84,
    "medianResTime" : 716.0,
    "minResTime" : 649.0,
    "maxResTime" : 1043.0,
    "pct1ResTime" : 914.8000000000002,
    "pct2ResTime" : 1016.5999999999999,
    "pct3ResTime" : 1043.0,
    "throughput" : 0.22115673820349957,
    "receivedKBytesPerSec" : 0.18130533065143928,
    "sentKBytesPerSec" : 0.062416305996886114
  },
  "Total" : {
    "transaction" : "Total",
    "sampleCount" : 199,
    "errorCount" : 0,
    "errorPct" : 0.0,
    "meanResTime" : 218.5577889447237,
    "medianResTime" : 145.0,
    "minResTime" : 51.0,
    "maxResTime" : 1043.0,
    "pct1ResTime" : 676.0,
    "pct2ResTime" : 768.0,
    "pct3ResTime" : 955.0,
    "throughput" : 1.7501275218546075,
    "receivedKBytesPerSec" : 1.2995669066496052,
    "sentKBytesPerSec" : 0.3686264494617698
  },
  "Add car - GET-0" : {
    "transaction" : "Add car - GET-0",
    "sampleCount" : 20,
    "errorCount" : 0,
    "errorPct" : 0.0,
    "meanResTime" : 111.2,
    "medianResTime" : 95.5,
    "minResTime" : 54.0,
    "maxResTime" : 187.0,
    "pct1ResTime" : 182.5000000000001,
    "pct2ResTime" : 187.0,
    "pct3ResTime" : 187.0,
    "throughput" : 0.19195884402384128,
    "receivedKBytesPerSec" : 0.07273440574340861,
    "sentKBytesPerSec" : 0.028681350718405975
  },
  "Cars brands - GET-0" : {
    "transaction" : "Cars brands - GET-0",
    "sampleCount" : 22,
    "errorCount" : 0,
    "errorPct" : 0.0,
    "meanResTime" : 200.13636363636365,
    "medianResTime" : 199.5,
    "minResTime" : 143.0,
    "maxResTime" : 271.0,
    "pct1ResTime" : 251.79999999999998,
    "pct2ResTime" : 268.74999999999994,
    "pct3ResTime" : 271.0,
    "throughput" : 0.2151841780942507,
    "receivedKBytesPerSec" : 0.0788027995950625,
    "sentKBytesPerSec" : 0.029419711848823332
  },
  "Add car - GET" : {
    "transaction" : "Add car - GET",
    "sampleCount" : 20,
    "errorCount" : 0,
    "errorPct" : 0.0,
    "meanResTime" : 181.70000000000002,
    "medianResTime" : 154.5,
    "minResTime" : 106.0,
    "maxResTime" : 363.0,
    "pct1ResTime" : 279.1000000000001,
    "pct2ResTime" : 358.94999999999993,
    "pct3ResTime" : 363.0,
    "throughput" : 0.19163512671872757,
    "receivedKBytesPerSec" : 0.16749359220045035,
    "sentKBytesPerSec" : 0.05726596560149476
  },
  "Instructions - GET" : {
    "transaction" : "Instructions - GET",
    "sampleCount" : 16,
    "errorCount" : 0,
    "errorPct" : 0.0,
    "meanResTime" : 180.25,
    "medianResTime" : 155.5,
    "minResTime" : 126.0,
    "maxResTime" : 390.0,
    "pct1ResTime" : 275.2000000000001,
    "pct2ResTime" : 390.0,
    "pct3ResTime" : 390.0,
    "throughput" : 0.16352226968910327,
    "receivedKBytesPerSec" : 0.2626895836314208,
    "sentKBytesPerSec" : 0.05557202133965619
  },
  "Instructions - GET-0" : {
    "transaction" : "Instructions - GET-0",
    "sampleCount" : 16,
    "errorCount" : 0,
    "errorPct" : 0.0,
    "meanResTime" : 106.125,
    "medianResTime" : 95.5,
    "minResTime" : 67.0,
    "maxResTime" : 141.0,
    "pct1ResTime" : 138.9,
    "pct2ResTime" : 141.0,
    "pct3ResTime" : 141.0,
    "throughput" : 0.1636108923951612,
    "receivedKBytesPerSec" : 0.06534849120080169,
    "sentKBytesPerSec" : 0.027801069606209032
  },
  "Cars brands - GET" : {
    "transaction" : "Cars brands - GET",
    "sampleCount" : 22,
    "errorCount" : 0,
    "errorPct" : 0.0,
    "meanResTime" : 263.1818181818183,
    "medianResTime" : 266.0,
    "minResTime" : 196.0,
    "maxResTime" : 387.0,
    "pct1ResTime" : 320.9,
    "pct2ResTime" : 377.39999999999986,
    "pct3ResTime" : 387.0,
    "throughput" : 0.2150768899881708,
    "receivedKBytesPerSec" : 0.1999542961608775,
    "sentKBytesPerSec" : 0.05881008710614045
  },
  "Instructions - GET-1" : {
    "transaction" : "Instructions - GET-1",
    "sampleCount" : 16,
    "errorCount" : 0,
    "errorPct" : 0.0,
    "meanResTime" : 73.8125,
    "medianResTime" : 57.0,
    "minResTime" : 53.0,
    "maxResTime" : 292.0,
    "pct1ResTime" : 153.40000000000015,
    "pct2ResTime" : 292.0,
    "pct3ResTime" : 292.0,
    "throughput" : 0.1637599279456317,
    "receivedKBytesPerSec" : 0.19766335052812578,
    "sentKBytesPerSec" : 0.02782639400638664
  },
  "Cars brands - GET-1" : {
    "transaction" : "Cars brands - GET-1",
    "sampleCount" : 22,
    "errorCount" : 0,
    "errorPct" : 0.0,
    "meanResTime" : 62.63636363636363,
    "medianResTime" : 54.5,
    "minResTime" : 51.0,
    "maxResTime" : 189.0,
    "pct1ResTime" : 69.5,
    "pct2ResTime" : 171.29999999999976,
    "pct3ResTime" : 189.0,
    "throughput" : 0.2155636990730761,
    "receivedKBytesPerSec" : 0.12146509215348135,
    "sentKBytesPerSec" : 0.02947159948264712
  }
}